onset	duration	trial_type	value	sample
0.2	6	8	31	50
6.6	6	8	31	1650
13	6	8	31	3250
19.4	6	8	31	4850
25.8	6	8	31	6450
32.2	6	8	31	8050
38.6	6	9	36	9650
45	6	9	36	11250
51.4	6	9	36	12850
57.8	6	9	36	14450
64.2	6	9	36	16050
70.6	6	9	36	17650
77	6	10	1	19250
83.4	6	10	1	20850
89.8	6	10	1	22450
96.2	6	10	1	24050
102.6	6	10	1	25650
109	6	10	1	27250
115.4	6	11	6	28850
121.8	6	11	6	30450
128.2	6	11	6	32050
134.6	6	11	6	33650
141	6	11	6	35250
147.4	6	11	6	36850
153.8	6	12	11	38450
160.2	6	12	11	40050
166.6	6	12	11	41650
173	6	12	11	43250
179.4	6	12	11	44850
185.8	6	12	11	46450
192.2	6	13	16	48050
198.6	6	13	16	49650
205	6	13	16	51250
211.4	6	13	16	52850
217.8	6	13	16	54450
224.2	6	13	16	56050
230.6	6	14	21	57650
237	6	14	21	59250
243.4	6	14	21	60850
249.8	6	14	21	62450
256.2	6	14	21	64050
262.6	6	14	21	65650
269	6	15	26	67250
275.4	6	15	26	68850
281.8	6	15	26	70450
288.2	6	15	26	72050
294.6	6	15	26	73650
301	6	15	26	75250
307.4	6	8.2	32	76850
313.8	6	8.2	32	78450
320.2	6	8.2	32	80050
326.6	6	8.2	32	81650
333	6	8.2	32	83250
339.4	6	8.2	32	84850
345.8	6	9.2	37	86450
352.2	6	9.2	37	88050
358.6	6	9.2	37	89650
365	6	9.2	37	91250
371.4	6	9.2	37	92850
377.8	6	9.2	37	94450
384.2	6	10.2	2	96050
390.6	6	10.2	2	97650
397	6	10.2	2	99250
403.4	6	10.2	2	100850
409.8	6	10.2	2	102450
416.2	6	10.2	2	104050
422.6	6	11.2	7	105650
429	6	11.2	7	107250
435.4	6	11.2	7	108850
441.8	6	11.2	7	110450
448.2	6	11.2	7	112050
454.6	6	11.2	7	113650
461	6	12.2	12	115250
467.4	6	12.2	12	116850
473.8	6	12.2	12	118450
480.2	6	12.2	12	120050
486.6	6	12.2	12	121650
493	6	12.2	12	123250
499.4	6	13.2	17	124850
505.8	6	13.2	17	126450
512.2	6	13.2	17	128050
518.6	6	13.2	17	129650
525	6	13.2	17	131250
531.4	6	13.2	17	132850
537.8	6	14.2	22	134450
544.2	6	14.2	22	136050
550.6	6	14.2	22	137650
557	6	14.2	22	139250
563.4	6	14.2	22	140850
569.8	6	14.2	22	142450
576.2	6	15.2	27	144050
582.6	6	15.2	27	145650
589	6	15.2	27	147250
595.4	6	15.2	27	148850
601.8	6	15.2	27	150450
608.2	6	15.2	27	152050
614.6	6	8.4	33	153650
621	6	8.4	33	155250
627.4	6	8.4	33	156850
633.8	6	8.4	33	158450
640.2	6	8.4	33	160050
646.6	6	8.4	33	161650
653	6	9.4	38	163250
659.4	6	9.4	38	164850
665.8	6	9.4	38	166450
672.2	6	9.4	38	168050
678.6	6	9.4	38	169650
685	6	9.4	38	171250
691.4	6	10.4	3	172850
697.8	6	10.4	3	174450
704.2	6	10.4	3	176050
710.6	6	10.4	3	177650
717	6	10.4	3	179250
723.4	6	10.4	3	180850
729.8	6	11.4	8	182450
736.2	6	11.4	8	184050
742.6	6	11.4	8	185650
749	6	11.4	8	187250
755.4	6	11.4	8	188850
761.8	6	11.4	8	190450
768.2	6	12.4	13	192050
774.6	6	12.4	13	193650
781	6	12.4	13	195250
787.4	6	12.4	13	196850
793.8	6	12.4	13	198450
800.2	6	12.4	13	200050
806.6	6	13.4	18	201650
813	6	13.4	18	203250
819.4	6	13.4	18	204850
825.8	6	13.4	18	206450
832.2	6	13.4	18	208050
838.6	6	13.4	18	209650
845	6	14.4	23	211250
851.4	6	14.4	23	212850
857.8	6	14.4	23	214450
864.2	6	14.4	23	216050
870.6	6	14.4	23	217650
877	6	14.4	23	219250
883.4	6	15.4	28	220850
889.8	6	15.4	28	222450
896.2	6	15.4	28	224050
902.6	6	15.4	28	225650
909	6	15.4	28	227250
915.4	6	15.4	28	228850
921.8	6	8.6	34	230450
928.2	6	8.6	34	232050
934.6	6	8.6	34	233650
941	6	8.6	34	235250
947.4	6	8.6	34	236850
953.8	6	8.6	34	238450
960.2	6	9.6	39	240050
966.6	6	9.6	39	241650
973	6	9.6	39	243250
979.4	6	9.6	39	244850
985.8	6	9.6	39	246450
992.2	6	9.6	39	248050
998.6	6	10.6	4	249650
1005	6	10.6	4	251250
1011.4	6	10.6	4	252850
1017.8	6	10.6	4	254450
1024.2	6	10.6	4	256050
1030.6	6	10.6	4	257650
1037	6	11.6	9	259250
1043.4	6	11.6	9	260850
1049.8	6	11.6	9	262450
1056.2	6	11.6	9	264050
1062.6	6	11.6	9	265650
1069	6	11.6	9	267250
1075.4	6	12.6	14	268850
1081.8	6	12.6	14	270450
1088.2	6	12.6	14	272050
1094.6	6	12.6	14	273650
1101	6	12.6	14	275250
1107.4	6	12.6	14	276850
1113.8	6	13.6	19	278450
1120.2	6	13.6	19	280050
1126.6	6	13.6	19	281650
1133	6	13.6	19	283250
1139.4	6	13.6	19	284850
1145.8	6	13.6	19	286450
1152.2	6	14.6	24	288050
1158.6	6	14.6	24	289650
1165	6	14.6	24	291250
1171.4	6	14.6	24	292850
1177.8	6	14.6	24	294450
1184.2	6	14.6	24	296050
1190.6	6	15.6	29	297650
1197	6	15.6	29	299250
1203.4	6	15.6	29	300850
1209.8	6	15.6	29	302450
1216.2	6	15.6	29	304050
1222.6	6	15.6	29	305650
1229	6	8.8	35	307250
1235.4	6	8.8	35	308850
1241.8	6	8.8	35	310450
1248.2	6	8.8	35	312050
1254.6	6	8.8	35	313650
1261	6	8.8	35	315250
1267.4	6	9.8	40	316850
1273.8	6	9.8	40	318450
1280.2	6	9.8	40	320050
1286.6	6	9.8	40	321650
1293	6	9.8	40	323250
1299.4	6	9.8	40	324850
1305.8	6	10.8	5	326450
1312.2	6	10.8	5	328050
1318.6	6	10.8	5	329650
1325	6	10.8	5	331250
1331.4	6	10.8	5	332850
1337.8	6	10.8	5	334450
1344.2	6	11.8	10	336050
1350.6	6	11.8	10	337650
1357	6	11.8	10	339250
1363.4	6	11.8	10	340850
1369.8	6	11.8	10	342450
1376.2	6	11.8	10	344050
1382.6	6	12.8	15	345650
1389	6	12.8	15	347250
1395.4	6	12.8	15	348850
1401.8	6	12.8	15	350450
1408.2	6	12.8	15	352050
1414.6	6	12.8	15	353650
1421	6	13.8	20	355250
1427.4	6	13.8	20	356850
1433.8	6	13.8	20	358450
1440.2	6	13.8	20	360050
1446.6	6	13.8	20	361650
1453	6	13.8	20	363250
1459.4	6	14.8	25	364850
1465.8	6	14.8	25	366450
1472.2	6	14.8	25	368050
1478.6	6	14.8	25	369650
1485	6	14.8	25	371250
1491.4	6	14.8	25	372850
1497.8	6	15.8	30	374450
1504.2	6	15.8	30	376050
1510.6	6	15.8	30	377650
1517	6	15.8	30	379250
1523.4	6	15.8	30	380850
1529.8	6	15.8	30	382450
